Id,Human Development Index HDI-2014,Gini coefficient 2005-2013,Adolescent birth rate 15-19 per 100k 20102015,Birth registration funder age 5 2005-2013,Carbon dioxide emissionsAverage annual growth,Carbon dioxide emissions per capita 2011 Tones,Change forest percentable 1900 to 2012,Change mobile usage 2009 2014,Consumer price index 2013,Domestic credit provided by financial sector 2013,Domestic food price level 2009 2014 index,Domestic food price level 2009-2014 volitility index,Electrification rate or population,Expected years of schooling - Years,Exports and imports percentage GPD 2013,Female Suicide Rate 100k people,Foreign direct investment net inflows percentage GDP 2013,Forest area percentage of total land area 2012,Fossil fuels percentage of total 2012,Fresh water withdrawals 2005,Gender Inequality Index 2014,General government final consumption expenditure - Annual growth 2005 2013,General government final consumption expenditure - Perce of GDP 2005-2013,Gross domestic product GDP 2013,Gross domestic product GDP percapta,Gross fixed capital formation of GDP 2005-2013,Gross national income GNI per capita - 2011  Dollars,Homeless people due to natural disaster 2005 2014 per million people,Homicide rate per 100k people 2008-2012,Infant Mortality 2013 per thousands,International inbound tourists thausands 2013,International student mobility of total tetiary enrolvemnt 2013,Internet users percentage of population 2014,Intimate or nonintimate partner violence ever experienced 2001-2011,Life expectancy at birth- years,MaleSuicide Rate 100k people,Maternal mortality ratio deaths per 100 live births 2013,Mean years of schooling - Years,Mobile phone subscriptions per 100 people 2014,Natural resource depletion,Net migration rate per 1k people 2010-2015,Physicians per 10k people,Population affected by natural desasters average annual per million people 2005-2014,Population living on degraded land Percentage 2010,Population with at least some secondary education percent 2005-2013,Pre-primary 2008-2014,Primary-2008-2014,Primary school dropout rate 2008-2014,Prison population per 100k people,Private capital flows percentage GDP 2013,Public expenditure on education Percentange GDP,Public health expenditure percentage of GDP 2013,Pupil-teacher ratio primary school pupils per teacher 2008-2014,Refugees by country of origin,Remittances inflows percentual GDP 2013,Renewable sources percentage of total 2012,Research and development expenditure  2005-2012,Secondary 2008-2014,Share of seats in parliament percentage held by womand 2014,Stock of immigrants percentage of population 2013,Taxes on income profit and capital gain 205 2013,Tertiary -2008-2014,Total tax revenue of GDP 2005-2013,Tuberculosis rate per thousands 2012,Under-five Mortality 2013 thousands
Norway,0.94387728,26.83,7.834,100,0.778924806,9.192879069,11.91456737,5.22,104.1941748,86.95622227,1.51,11.3,100,17.49259,67.03594,5.2,0.5125554,27.97343321,57.27180466,0.75,0.067443002,1.815163573,21.85272015,317.4975867,62448.01762,22.6444755,64992.34046,0,2.2,2.3,4963,-3.37449,96.3,26.8,81.6,13,4,12.631,116.51,9.019499492,6,37.39,12.3478376,0.186818481,97.05961,98.85057,99.43699,1.51155,72,11.4674,6.552840233,9.573011,9.590636667,0.013,0.1544065,47.75267616,1.65474,111.0613,39.6449704,13.77262169,31.79839075,74.10112,27.28809691,0.14,2.8
Australia,0.93495825,34.01,12.059,100,1.090351403,16.51920992,-4.561812321,30.27,107.7894398,158.8407757,1.36,6.3,100,20.22107,40.99572,5.2,3.330412,19.19373104,95.36779752,3.93,0.110130103,-0.017409664,17.7467415,990.7210035,42831.06163,28.3274072,42260.61295,33.40661991,1.1,3.4,6382,17.13209,84.56,39.9,82.4,16.1,6,12.96338081,131.23,3.819851398,6.5,32.73,1337.393551,8.98454966,94.44895,107.77737,104.8384,6.118623333,130,-6.789013,5.110410213,8.998704,12.30300667,0.025,0.1579534,4.632201736,2.38562,135.53543,30.5309735,27.71179314,65.33374843,86.33409,21.361426,0.19,4
Switzerland,0.92961314,32.35,1.9,100,-1.101253915,4.625229924,8.567416409,16.72,99.3172293,173.4293156,1.35,6.6,100,15.79043,132.1828,5.1,-1.193327,31.61251139,51.07563775,12.31333333,0.027847645,1.447042892,10.96350675,442.0365935,54697.46682,23.4173357,56431.06833,0,0.6,3.6,8967,12.61502,87,39,83,13.6,6,12.82348463,140.54,0.013972937,8,39.38,73.08219091,0.4567513,95.74914,99.52254,102.79424,6.05644,82,12.6332,5.276949883,11.46621,10.7542,0.015,0.4594014,49.65939818,2.87046,96.30638,28.4552846,28.90699771,22.67329867,55.5619,9.759124063,0.22,4.2
Denmark,0.923327926,26.88,5.101,100,-1.767732957,7.248328717,23.02997397,1.83,106.0577185,199.6145024,1.31,6,100,18.68933,102.8064,4.1,0.4755334,12.91539005,70.58238697,10.75,0.048432247,-0.484064419,26.71585401,235.7224101,41990.51573,18.3244425,44025.48217,0,0.8,2.9,8557,8.32088,95.99,50,80.2,13.6,5,12.72938824,125.96,1.463290729,2.7,34.24,0,8.536134407,96.07674,101.75368,101.26672,1.11317,73,-0.124352,8.745690346,10.62326,12.30300667,0.01,0.4342917,26.76724503,2.98416,124.65927,37.9888268,9.909512135,39.6779382,79.59763,33.39565101,0.4,3.5
Netherlands,0.921793512,28.87,6.165,100,-0.25273377,10.06448974,5.92260219,-4.31,107.4741544,193.0112888,1.38,5.6,100,17.92333,155.5511,4.8,3.761942,10.82443654,91.44745084,11.65,0.062405981,-0.251702124,26.33518498,755.2590028,44944.59267,18.2463744,45435.1166,0,0.9,3.3,12800,5.42285,93.17,39.46666667,81.6,11.7,6,11.88930225,116.42,0.866811752,0.6,31.49,0.006033418,5.352625045,89.04594,90.89967,105.79075,6.05644,82,7.619826,5.930980206,12.8853,11.50226,0.063,0.1834062,6.671365641,2.15676,129.91277,36.8888889,11.72441763,23.53310361,77.34356,19.72405892,0.17,4
Germany,0.916079908,30.63,3.795,100,-0.739740093,8.917832846,3.293447369,-4.6,105.692141,113.5214346,1.54,5.6,100,16.45695,85.31842,4.1,1.374354,31.77827509,80.187836,20.95,0.040728955,0.726060184,19.26363598,3483.398236,43206.66066,19.7839458,43918.53597,0,0.8,3.2,31500,2.78761,86.19,40,80.9,14.5,7,13.06677702,120.42,0.076885776,1.3,38.06,10.09729788,8.085258727,96.64598,112.51651,100.46041,3.75764,79,6.659943,4.979529858,11.29719,11.71402,0.176,0.4233354,20.38880799,2.9191,101.2664,36.8571429,11.90093743,16.25383828,61.65019,11.51823703,0.35,3.9
Ireland,0.915541562,32.06,8.236,100,0.591211929,7.880759326,62.70967741,-2.26,104.8396802,186.0814086,1.23,3.3,100,18.56885,189.7978,5.2,21.52736,10.98272609,84.72883027,12.31333333,0.112931537,-0.037290291,17.4782253,206.4707637,44931.04202,15.1765979,39568.12085,0,1.2,3.2,8260,-3.8625,79.69,14.5,80.9,16.9,9,12.2,104.26,0.069177694,2.2,27.19,13.54171627,0.483991792,79.56229,52.436,104.41245,6.118623333,88,19.25707,6.154679775,8.921805,16.06046,0.009,0.3095776,6.405793703,1.72382,119.11933,19.9115044,15.89599092,37.82396011,71.24203,22.00695642,0.39,3.8
United States,0.914959354,41.12,31.001,100,-0.692444213,17.02021634,2.98213413,11.04,106.8338489,240.5464632,1,0,100,16.48,30.01294,5.2,1.75912,33.31951523,83.55005184,15.49,0.27997656,-1.322071182,15.19253821,16230.20875,51340.48763,19.3480478,52946.51344,14.93525005,4.7,5.9,69800,3.62564,87.36,35.6,79.1,19.4,28,12.94252883,98.41,0.958708867,3.1,24.52,5073.851216,1.09258942,94.98449,74.27443,98.13031,2.425216667,716,0.6691694,5.226019859,17.09764,14.42216,4.786,0.039927,16.29966924,2.79197,93.67395,19.4392523,14.30557337,53.18171451,94.2767,10.56589596,0.14,6.9
Canada,0.913178984,33.68,14.499,100,-0.40164638,14.13581338,1.17E-08,17.63,105.4522038,173.0548666,1.25,7.1,100,15.875,61.85041,4.8,3.873133,34.10498256,73.69457159,12.31333333,0.129227342,0.579248131,21.67536679,1472.925397,41894.09697,23.7232617,42155.00562,20.64102374,1.6,4.6,16600,3.809246667,87.12,6.4,82,14.9,11,13.00416198,82.98,2.412690401,6.3,20.68,363.9395819,2.682220681,99.99999,71.55781,98.30092,4.6367,118,-2.021756,5.272459984,10.8607,11.17668,0.107,0.0656526,27.89825014,1.72797,103.40475,28.1725888,20.70413929,51.64931625,63.46592333,11.53194769,0.19,5.2
New Zealand,0.913497656,28.76333333,25.309,100,1.115933201,7.124050867,6.893782372,3.07,106.7281728,153.9544664,1.96,8.7,100,19.15634,57.48594,5,-0.2743136,31.34024534,61.43322269,5.26,0.157201498,1.862379329,18.67254022,146.6764056,32807.64194,20.5684371,32689.36246,16.10972323,0.9,5.2,2629,14.02246,85.5,33.1,81.8,14.4,8,12.503,112.05,1.592807025,3.3,27.35,14225.89823,5.257356694,95.15481,91.71803,98.65525,2.48661,192,0.7918984,7.354410172,9.738794,14.58702,0.02,0.2471849,38.37153225,1.2709,119.54439,31.4049587,25.1417685,36.31131674,79.77627,29.2747283,0.08,6.3
Singapore,0.91179782,29.95,6.045,100,-2.261071479,4.320151436,-4.28571428,14.02,112.6459144,112.6365192,1.02,4,100,15.4,358.0301,5.3,21.40433,3.285714286,97.2071931,18.8,0.088129418,9.867089056,10.19173373,411.6176962,76236.79363,25.9031114,76628.2002,0,0.2,2.2,11900,10.32317,82,9.2,83,9.8,6,10.63,158.13,8.507764374,15,19.21,0,1.213150508,77.39491,93.06805,102.97902,1.32316,230,3.422649,2.935770035,4.554448,17.43929,0.067,1.0602678,2.792809886,2.09652,103.81467,25.2525253,42.9298763,34.71643602,40.76503,13.9680752,1.7,2.8
Hong KongÂ ,0.90995187,29.95,3.287,100,3.235980613,5.695268539,2.963996994,33.1,114.2999007,223.9537246,1.56,6.1,100,15.59681,458.3322,5.8,27.96901,41.15612683,94.77411774,18.8,0.05292207,2.323673844,9.31379399,370.2199556,51508.86339,23.8598482,53959.40794,0,0.4,3.033333333,25700,-1.69577,74.56,21,84,16.3,5,11.16091728,239.3,0.169852564,4.2,39.67,220.7459724,3.717895246,75.39537,101.2607,104.547,1.00286,128,21.13561,3.760329962,11.73887333,13.99258,0.025,0.1313263,0.385299726,0.74927,99.30344,34.69130023,38.93415952,36.18479242,66.83704,12.49966099,2.6,7.766666667
Liechtenstein,0.90750119,29.00333333,9.298333333,100,-0.739740093,1.410849731,6.153846154,6.85,106.4587666,118.052357,1.58,6.3,100,14.95308,108.0529733,5.8,-1.162423733,43.125,48.29271242,12.31333333,0.064252439,1.370024411,25.18935595,361.8304018,41064.7142,21.86767307,79851.02038,0,0,2.666666667,52,-16.77083,95.21,39.46666667,80,19.8,4.666666667,11.82895773,104.32,0.145505915,2.9,30.54333333,5.476724528,3.608516567,89.00031333,99.33511,103.828,20.60125,24,5.650038667,2.111560106,11.35393533,7.44361,0.014666667,0.271701567,55.98071977,2.643806667,110.37386,20,33.06161137,21.41171644,42.49668,12.4674263,0.153333333,5.066666667
Sweden,0.90681646,26.08,6.528,100,-2.336878496,5.518421481,4.141017565,14,103.8298247,138.0581507,1.46,6.7,100,15.81512,82.65676,6.1,-0.8831089,69.23700103,31.74427191,1.5,0.054730397,1.552129986,26.211759,419.5900083,43741.22844,22.1464987,45635.50431,0,0.7,2.4,5229,1.77553,92.52,46,82.2,16.2,4,12.09518337,127.84,0.252633899,4.2,32.65,0,0.322143905,86.89958,95.12268,101.53715,4.42096,67,-3.30291,6.819419861,9.710296,9.64567,0.016,0.2012968,70.53008497,3.40622,98.37527,43.5530086,15.87601432,9.763459908,70.02567,20.68098676,0.14,3
United Kingdom,0.906698192,38.04,25.758,100,-1.613521067,7.085732086,10.8923784,-0.3,110.1768945,184.0914825,1.19,5,100,16.18306,61.55657,2.6,1.803818,11.96792461,85.08723106,8.84,0.177352897,0.738208387,20.24009778,2372.688781,37017.10898,16.4313705,39267.19081,48.47947191,1,3.9,31200,16.31532,91.61,28.4,80.7,9.8,8,13.0544459,123.58,0.86791171,2.9,27.9,665.3209606,2.694623264,99.85564,84.24965,108.52618,1.561603333,147,-3.880322,6.033299923,9.117729,18.30825,0.147,0.0639142,14.37432102,1.72108,95.41636,23.5253296,12.39245147,31.8236716,61.88096,25.29322502,0.54,4.6
Iceland,0.899412127,26.3,11.488,100,-0.457757463,5.896828979,264.3678174,2.61,113.6425471,130.8826749,1.77,5.4,100,18.97689,103.1194,6.7,3.057418,0.316209476,15.27250818,0.1,0.086934519,0.833401726,24.33165173,13.32367403,41249.50938,15.0959443,35182.11477,0,0.3,1.6,800,-8.19415,98.16,42,82.6,21,4,10.59,111.08,0.001124076,3.3,34.76,0,5.428434008,91.29722314,97.03231,98.11037,2.08263,47,8.462746,7.359960079,9.058935,9.92804,0.002,1.145927,84.72752504,2.60487,111.99045,41.2698413,10.43197232,27.42886228,81.35543,22.25784913,0.27,2.1
South Korea,0.898334135,31.01333333,2.242,100,6.526072967,11.84075687,-3.421703721,16.08,107.67,155.9288455,1.85,9.1,100,16.87441,102.7863,18,0.9367723,63.77812019,82.80768545,12.27,0.124723753,2.702333911,14.92681447,1642.59033,32708.10745,29.6564918,33890.45203,9.194563011,0.9,3.2,12200,-1.71213,84.33,30.3,81.9,41.7,27,11.89,115.54,0.013174051,1.2,21.43,206.4966318,2.879727972,82.89788,117.73773,102.73686,0.80889,99,1.934659,4.86413002,7.172796,17.8745,0.544,0.4924902,17.15811066,4.03919,97.19713,16.3333333,2.501324633,30.32686893,98.37919,14.4356558,5.4,3.7
Israel,0.894272981,42.78,7.819,100,1.539877449,8.952413531,16.36363636,-2.08,106.8314903,81.38630281,2.2,5.9,100,15.95261,64.47582,2.3,4.0627,7.097966728,96.69218639,6.04,0.100935552,3.505246814,22.49005822,249.2549403,30926.84909,19.4684437,30675.51109,0,1.8,3.2,2962,-2.61299,71.45,43.7,82.4,9.8,2,12.54470158,121.45,0.230061181,-2,33.46,27775.41437,12.85759676,85.75881,101.38874,105.64164,1.05974,223,0.1812418,5.637189865,7.237709,12.50256,1.043,0.2632244,4.815703541,3.926270008,101.357,22.5,26.46883337,27.92069595,67.89183,22.12731237,0.23,4
Luxembourg,0.891851627,29.00333333,8.349,100,-2.114326209,20.8978117,2.963996994,2.65,108.0057702,163.9415211,1.27,8.9,100,13.88,371.4397,4.4,50.01655,33.49420849,87.35561187,12.31333333,0.099852289,4.991851788,17.28136089,47.65914024,87737.41672,17.0585651,58711.39454,0,0.8,1.6,945,-85.91619,94.67,39.46666667,81.7,13,11,11.71397591,148.37,0.04867392,9.7,28.24,0,2.225021549,100,91.7012,96.51007,5.595456667,122,-168.8638,5.285459916,7.096672,8.37204,0.001,3.024067,3.980732398,1.44066,100.04749,28.3333333,43.25370489,30.04580977,19.74303,25.53081708,0.42,2
Japan,0.890593213,32.11,5.412,100,0.751121838,9.291834303,0.197766176,31.66,100.0416667,366.5330334,1.89,5.6,100,15.32633,35.14246,10.1,0.0755157,68.56649111,94.78853059,12.31333333,0.132589731,1.912359665,20.5723682,4535.077113,35614.30992,21.7272269,36926.91669,32.12480611,0.3,2.1,10400,3.01704,90.58,18.5,83.5,26.9,6,11.52,120.23,0.016286005,0.6,22.97,920.775113,0.293459213,86.44626,87.86513,102.30144,0.16174,51,-2.663063,3.849699974,10.29905,17.0901,0.296,0.0480501,5.211469635,3.38807,101.80941,11.5760112,1.916863641,45.95831243,61.45932,10.08687665,1.7,2.9
Belgium,0.890262992,33.14,6.709,100,-1.235474144,8.849398302,2.072259342,5.41,107.6561463,111.2340394,1.68,6,100,16.33158,164.1816,7.7,-0.6228033,22.45310436,70.09410307,33.95,0.063306857,1.082642852,24.41504005,454.6038686,40607.25903,22.2750423,41187,0,1.6,3.5,7684,6.63517,85,28.9,80.8,21,6,11.27326393,114.27,0.02580432,2.7,29.93,8.95405972,10.45827054,80.10136,118.35407,103.35533,13.48664,108,-10.00392,6.548860073,11.18614,11.20289,0.077,2.120064,28.26372474,2.23621,107.26161,42.3809524,10.44444601,35.213436,70.82755,24.85708465,0.36,4.4
France,0.888107437,31.69,5.736,100,-1.566449324,5.185410609,10.40893278,8.97,105.0137245,130.7539858,1.7,4.8,100,16.00167,58.04824,6,0.2309128,29.3118027,49.1095992,14.79,0.08838641,1.953636899,24.12495322,2453.251048,37154.44504,22.090546,38056.35627,0.951438376,1,3.5,84700,6.6414,83.75,30.53333333,82.2,19.3,12,11.13314915,100.36,0.014879949,2,31.8,819.4849733,3.89500861,80.47476,109.7546,107.32342,2.425216667,98,-3.59425,5.67538023,11.66171,17.81514,0.098,0.8315349,52.41154415,2.26264,109.70929,25.7297297,11.57090977,24.63749388,58.3049,21.38624496,0.46,4.2
Austria,0.88502726,30.04,4.126,100,0.43641002,7.769983423,3.255795278,11.23,107.9506626,127.8855996,1.43,5.9,100,15.74653,103.3815,5.4,3.644082,47.28852431,67.07715227,18.8,0.05284976,0.672028333,19.82821038,376.0309686,44375.79243,22.1831756,43869.2871,0,0.9,3.2,24800,13.06128,81,29.13333333,81.4,18.2,4,10.83443082,151.91,0.180038016,3.5,48.3,19.26983633,2.746283105,100.00001,103.38368,101.20785,0.26172,98,-0.0428849,5.795760155,11.03413,10.82489,0.009,0.6561084,32.17653329,2.83639,97.69036,30.3278689,15.70081499,23.719648,72.43606,18.26718464,0.42,3.9
Finland,0.882727787,27.79,9.211,100,0.477135982,10.1640461,1.45752605,-3.07,107.8903288,104.864881,1.6,6.2,100,17.06943,77.32056,7.5,-1.981359,72.91125078,43.03976228,1.49,0.074720064,1.475300395,24.94126879,211.2973284,38845.65513,21.1814782,38694.76981,0,1.6,2.1,4226,4.40052,92.38,43.5,80.8,22.2,4,10.286,139.66,0.158079526,1.8,29.05,7.476113863,0.045135256,100,70.47258,100.14015,0.44827,58,0.7489355,6.761050224,9.399151,13.55949,0.007,0.3986714,47.50230415,3.54823,107.67558,42.5,5.402682443,14.79069522,93.72182,20.00110514,0.29,2.6
Slovenia,0.88028084,24.87,0.617,100,-0.32720268,7.504259702,5.808080803,9.08,106.2947129,82.77713947,2.21,9.4,100,16.80578,143.3718,4.4,-0.8724494,62.41310824,66.58565479,2.96,0.016422272,-1.123990177,20.35019907,56.81950556,27575.80528,19.7174089,27852.1462,51.37552086,0.7,2.3,2259,-0.1351,71.59,41.16666667,80.4,20.8,7,11.89249992,112.08,0.313193887,2.1,25.16,3114.335145,8.357202003,96.86898,94.05564,98.92975,1.17471,66,-9.581476,5.680540085,9.159823,16.78039,0.118,1.429537,34.51116942,2.79952,97.56567,27.6923077,11.25933097,10.41415681,86.0247,17.54166544,0.97,2.9
Spain,0.876124307,35.75,10.624,100,1.677077353,5.790764234,34.23471211,-3.34,107.2095415,205.0791999,2.01,8.4,100,17.34512,59.70266,2.2,3.224387,37.13977546,75.88553837,28.57,0.095356027,-2.932406746,19.46451566,1473.889627,31596.37973,18.52016,32044.86286,32.85642546,0.8,3.6,60700,1.40742,76.19,30.53333333,82.6,8.2,4,9.58190918,107.85,0.036363249,2.6,36.95,51.26040457,1.442600197,69.84413,127.35364,102.91455,2.85256,147,-5.837718,4.978519917,8.87926,12.60121,0.055,0.6879899,24.88700562,1.30142,130.80671,37.987013,13.7801481,20.07158339,84.56586,7.078465974,0.57,4.2
Italy,0.873022984,35.52,3.957,100,0.632018178,6.702557614,22.58301665,3.17,107.1577369,161.8384413,2.01,5,100,16.04201,54.83345,1.9,0.6106765,31.63459577,83.7224112,24.76666667,0.067627166,-0.692237042,19.44624264,2044.263295,34167.23968,17.8274314,33030.22947,124.1868106,0.9,3,47700,1.56901,61.96,31.9,83.1,7.6,4,10.10184065,154.25,0.118984576,3,40.92,152.623429,2.240151714,75.68227,98.57836,99.00793,0.66545,106,-0.2254688,4.294929981,9.090887,10.32595,0.068,0.347573,13.94140111,1.26572,99.18506,30.0736067,9.380932964,32.75692457,62.46929,22.37408508,0.43,3.6
Czech Republic,0.870090821,26.39,4.906,100,0.140678042,10.43108813,1.269616625,4.39,106.8101029,66.97420135,2.27,10.7,100,16.39,148.6454,3.9,2.397992,34.45552247,76.85396676,12.92,0.09142376,2.277289822,19.6263576,294.171297,27959.14952,24.9385991,26660.2795,0,1,2.9,9004,6.46124,79.71,58,78.6,21.5,5,12.32,130.03,0.231254816,3.8,36.24,12572.05388,4.17447788,99.80429,102.953,100.35841,0.74861,154,-3.055583,4.507180214,7.243968,18.97433,1.349,1.087191,26.50510932,1.88148,96.55205,18.86121,4.043805211,14.49787125,64.17338,13.44907879,0.35,3.6
Greece,0.865187181,34.74,11.859,100,3.316240538,7.556057769,20.13943619,-4.03,103.9151459,134.2943904,2.55,11.2,100,17.628,63.4199,1.3,1.215958,30.74786656,90.57958761,13.79,0.146384924,-6.464842035,19.99144915,270.7278879,24539.50679,11.2103838,24524.14614,36.59245309,1.7,3.7,17900,-0.77264,63.21,30.46666667,80.9,6.3,5,10.26,114.96,0.078849525,0.9,43.8,827.4671245,1.105954561,63.15,76.34223,102.04813,5.58273,111,1.659568,4.091110229,9.821956,9.19747,0.094,0.332226,8.830121422,0.69038,108.54607,21,8.880714307,19.02469903,116.62157,22.40994006,0.69,4.4
Estonia,0.860835015,32.69,16.779,100,0.414732113,14.04988252,5.071770338,33.31,112.1508859,71.60010246,2.76,7.4,100,16.48454,171.3029,3.8,3.876924,51.80467091,88.1469609,14.02,0.163770231,2.839407379,19.10821397,33.29018418,25132.02672,27.3122612,25214,0,5,2.7,2868,-3.54288,84.24,31.33333333,76.8,24.9,11,12.48,160.69,1.107561886,0,32.61,7.678860236,4.952708207,100,92.78288,98.10785,3.02146,238,0.3438215,5.156990051,5.723605,11.54548,0.352,1.724318,14.59279722,2.18191,107.06224,19.8019802,16.31259172,8.943229634,76.6841,16.25075411,2.8,3.4
Brunei,0.855615865,29.00333333,22.99,100,-3.083944113,23.96785089,-8.86198547,5.13,102.8821973,20.79500024,2.95,4.7,76.2,14.52792,108.6414,5.2,5.555164,71.42314991,99.99556393,12.31333333,0.064252439,1.053423627,18.31458946,29.02520039,69474.17897,15.3122628,72570.12794,0,2,8.4,225,-38.33973,68.77,39.46666667,78.8,7.7,27,8.77,110.06,29.78595734,0.8,14.98,0,3.783812986,65.87,64.24171,94.40606,3.63081,122,-1.018906,3.765949965,2.524611,10.15195,0.001,1.0602678,0.004488255,1.063446666,105.90981,23.17225507,49.34918522,20.81095385,24.33869,13.99083042,3,9.9
Cyprus,0.849745435,28.53333333,5.473,100,2.897486249,6.736166081,7.579143356,7.47,105.3347412,335.815605,2,12.7,100,13.96636,86.6722,1.5,2.770419,18.75649351,94.89409483,17.63,0.123879164,0.468085106,19.70226167,23.77287188,27393.93981,18.4196965,28632.73467,0,2,2.8,2405,-61.04746,69.33,41.16666667,80.2,7.7,10,11.61928463,96.34,0.003757694,6.2,22.86,0,11.39887176,78.7048,77.92455,100.17535,4.73259,106,-71.88432,7.242579937,7.365529,13.77462,0.01,0.3782846,5.105820709,0.46726,95.29985,12.5,18.16676978,26.49547962,45.86359,25.49124728,0.2,3.6
Qatar,0.849768365,29.95,9.522,100,-1.458735669,43.89303638,2.963996994,16.99,107.0699038,73.85454208,1.75,6.3,97.7,13.78672,97.45603,1.2,-0.4135036,0,100,374.1,0.524097864,10.06913631,12.86845544,276.6406968,127562.199,21.40182893,123124.3596,0,1.1,7,2611,16.60128,91.49,38.3,78.2,5.7,6,9.070602417,145.76,17.36488881,48.8,77.39,6.423278777,0.075308091,60.46305,57.83359,102.5434,2.26042,60,11.40157,2.448339939,2.187261,9.92245,0.017,0.2826261,0,1.063446666,111.6167,0,73.82187172,40.24133283,14.25746,14.65495096,0.17,8.2
Andorra,0.844641908,29.00333333,23.67466667,100,0.007011878,6.310640211,2.94E-09,0.71,106.4587666,118.052357,1.58,6.3,100,13.52401627,108.0529733,6.466666667,-1.162423733,34.04255319,48.29271242,12.31333333,0.064252439,1.370024411,25.18935595,361.8304018,41064.7142,21.86767307,43977.79472,0,1.3,2.2,2335,-182.34201,95.9,39.46666667,81.294,19.8,4.666666667,9.58190918,82.64,0.145505915,2.9,36.97,5.476724528,3.608516567,49.40111,94.64977667,101.6775433,6.118623333,38,-4.185964833,3.088160038,8.073646,9.33028,0.005,0.252640533,40.88819695,3.113356667,113.8620933,50,56.91383271,29.96263452,83.36052667,20.68117263,0.91,3
Slovakia,0.843572119,26.58,15.872,100,0.414732113,6.367545917,0.618234413,15.39,109.1745662,53.06674171,2.6,9.2,100,15.06322,181.3689,2.5,2.198677,40.20545666,67.51150673,1.37,0.163628552,2.418403115,18.05663967,142.1922509,26263.34612,20.4440043,25845.28246,0,1.4,6,6235,-10.93904,79.98,27.9,76.3,18.5,7,12.22690128,116.94,0.468660879,0.6,30,19.14893048,9.126450539,99.30794,90.83719,101.64812,2.04721,187,-10.80162,4.057260036,8.213588,14.94005,0.23,2.120361,32.31149531,0.82315,93.88312,18.6666667,2.745483992,10.29738593,55.10905,12.17147055,0.63,7.2
Poland,0.842677828,32.78,12.156,100,-0.359477765,8.335786706,5.77577871,33.36,109.0833333,65.76876054,2.65,7,100,15.46559,90.32973,3.8,-0.8720853,30.67010646,90.68365019,19.4,0.137784128,2.05200125,18.14383665,881.4760216,22877.22387,18.8208311,23176.79665,0,1.2,4.5,15800,0.24838,66.6,35,77.4,30.5,3,11.82433128,156.45,0.954256684,-0.2,21.99,278.6601996,13.18289451,82.29742,78.18092,101.22642,1.46771,217,-0.0328981,4.942180157,6.663034,10.18568,1.421,1.328095,9.552269556,0.89972,97.65884,22.1428571,1.736822198,13.40819598,73.19394,15.98390736,1.8,5.2
Lithuania,0.839421883,32.63,10.612,100,0.414732113,4.537558514,11.8667495,-8.07,108.5,51.04501961,3.5,5.5,100,16.38875,155.7439,8.4,1.551068,34.71295912,74.04694221,9.53,0.12468077,-2.954438321,18.74671402,72.3735333,24482.6018,17.4482241,24500.31387,0,6.7,4,2012,-4.9989,72.13,37.6,73.3,51,11,12.38313007,147.04,0.367048442,-1.9,41.16,0,4.831083643,91.41517,75.947,98.78064,2.50047,329,3.144038,5.172679901,6.237117,12.43042,0.22,4.484069,14.48771072,0.90166,105.93656,23.4042553,4.898385214,9.034585425,73.94864,13.37784917,3,4.9
Malta,0.83897834,28.53333333,18.193,100,3.318951129,6.034321639,0,27.22,106.6518099,146.6967753,2.59,8.6,100,14.40634,182.5057,0.7,-19.37838,0.9375,94.51428078,7.94,0.226573229,0.903211418,20.20054095,12.2023425,28827.92676,14.3367355,27930.29827,0,2.8,5.3,1582,-6.26895,73.17,16,80.6,11.1,9,10.33,126.98,0.182337587,2.1,34.95,10296.58317,7.976850548,73.29106,115.60481,95.79302,5.53651,145,52.73935,7.963749886,8.703942,11.45141,0.006,0.3513015,5.485719217,0.84241,86.28857,13.0434783,8.031393647,33.13890294,41.21104,27.01990192,0.37,6.1
Saudi Arabia,0.837273977,29.00333333,10.221,100,2.86598702,18.74082287,0,7.25,112.6951565,-7.876052716,2.89,3.8,97.7,16.27418,82.42468,0.2,1.24226,0.454484135,99.99760143,943.3,0.284272279,9.210470957,22.13920617,1501.060624,52067.96605,23.2028806,52821.35798,36.94854827,0.8,13.4,13400,-0.8407,63.7,39.46666667,74.3,0.6,16,8.695222916,179.56,20.64112626,2.1,7.67,41.28261299,4.298975873,66.50885,13.49146,106.39794,1.31228,162,0.3087323,5.13781023,3.164587,10.39186,0.6,0.0359107,0.002398032,0.07338,116.16767,19.8675497,31.42833209,18.65662073,57.51638,9.946080305,3.9,15.5
Argentina,0.835572018,43.57,54.354,100,0.978276676,4.665868631,-16.87868248,21.05,110.4485581,33.26890643,3.266666667,6.333333333,99.8,17.94733,29.34839,4.1,1.867905,10.56765655,89.66696697,4.3,0.375609704,5.07691493,15.50611267,192.6363302,22982.08336,17.0225753,22049.59416,17.90567657,5.5,11.9,5571,-5.788993333,64.7,31.33333333,76.3,17.2,69,9.834001245,158.74,3.060038716,-0.5,31.55,1667.130399,1.681961183,56.94,75.55846,123.74646,2.90276,147,-1.693756,5.137589931,7.254919,16.33135,0.388,0.0872967,9.295287965,0.64696,107.28876,36.7781155,4.549695526,8.895292956,80.30781,14.48336098,1.3,13.3
United Arab Emirates,0.83546904,29.00333333,27.625,100,-3.771636299,19.99797997,30.37551018,28.78,102.6644428,76.45399993,1.58,6.3,97.7,13.33,176.0669,1.7,2.606738,3.820813397,48.29271242,1867,0.232171713,4.227448279,6.84261035,525.1324733,57044.57765,21.9681455,60868.33005,0,0.7,7,7126,38.20163,90.4,39.46666667,77,3.9,8,9.4916875,178.06,11.68870353,11.4,19.3,9.40796535,1.875463572,64.3,79.42905,108.3284,8.04099,238,5.650038667,6.00911665,3.200764,16.06864,0.088,0.271701567,0.083458492,0.48911,101.9143167,17.5,83.74569835,21.41171644,66.56289667,0.355057935,0.1,8.2
Chile,0.832178477,50.84,55.285,99,1.880778148,4.58786833,6.834829327,37.64,108.3544928,115.484875,2.62,7.4,99.6,15.24619,65.45889,5.8,7.308171,21.93073062,75.64296907,3.83,0.337591369,4.153329321,12.38565479,382.5948954,21714.03155,23.6091046,21290.1504,4832.268884,3.1,7.1,3576,-0.50562,72.35,35.7,81.7,19,22,9.786924362,133.26,8.316859685,0.3,10.24,24051.09582,1.147735835,74.77146,113.64857,101.21813,1.33246,266,-5.186472,4.553850174,7.730832,21.15991,0.598,1.08E-04,24.1646402,0.41722,89.01063,15.8227848,2.260258797,30.36063148,74.39199,19.04565896,1.2,8.2
Portugal,0.830095297,30.66333333,12.573,100,3.230429058,4.709849624,4.003502487,0.29,106.8199896,183.2715691,2.47,9,100,16.31495,77.53988,3.5,3.467122,37.8163555,74.91724082,10.1,0.110965715,-1.944355291,18.95179627,267.7253099,25595.62863,15.1409601,25756.82103,0.79422253,1.2,3.1,8097,1.35202,64.59,38,80.9,13.6,8,8.245105743,111.8,0.077738158,1.9,34.23,48.45702938,2.32020344,47.95549,85.61022,106.28422,2.332123333,136,-0.2149885,5.272130013,9.709223,11.73422,0.032,1.923409,21.98440977,1.49533,112.85166,31.3043478,8.42603559,22.15593652,68.86158,20.34140631,1.3,3.8
Hungary,0.828350453,28.94,12.127,100,-1.06227674,4.862989931,12.85250601,0.42,111.7853974,64.69274759,2.43,5.8,100,15.38815,169.9286,7.4,-3.224301,22.6157075,71.12797344,5.37,0.208865905,3.234748646,19.8947513,226.7846956,22913.91693,19.9329772,22915.76394,0,1.3,5.2,10700,3.3921,76.13,30.46666667,75.2,32.4,14,11.63608,118.05,0.427221362,1.5,29.6,1054.687332,17.11581302,98.28557,87.2477,100.23676,1.9277,186,-2.383312,4.712250233,8.047233,10.48051,1.208,3.241818,25.95742962,1.29664,101.61882,10.1010101,4.749380232,15.93927527,59.63108,22.86834823,0.73,6.1
Bahrain,0.823921957,29.00333333,13.785,100,1.295431545,18.13127841,154.2105266,47.27,105.6452213,78.59391783,2.24,18.5,97.7,14.4,122.1617,2.9,3.006465,0.736842105,99.89143591,12.31333333,0.264862603,10.71694033,14.41489118,56.54303686,42444.27844,19.2478142,38598.50765,0,0.5,5.2,9163,-4.67038,91,39.46666667,76.6,11.6,22,9.419,173.27,9.713958659,3.4,9.13,5.476724528,3.608516567,54.9,49.81336,101.6775433,2.19257,275,-10.44743,2.679059982,4.874988,11.76839,0.285,0.862531667,0,2.115216667,95.51475,15,54.74950288,0.669771525,33.45658,1.103893772,0.34,6.1
Latvia,0.81876601,36.03,13.522,100,0.414732113,3.786801437,6.440058888,13.89,106.7099567,58.56709432,2.86,7.9,100,15.24266,121.5114,4.3,2.845265,54.30685108,63.68715109,15.14,0.166647312,-11.01495601,15.49680565,43.94125801,21824.56808,22.2077449,22280.51382,0,4.7,7.4,1536,-2.94155,75.83,26.83333333,74.2,30.7,13,11.47896866,124.2,0.981649935,-1,28.78,0,1.827870384,98.93101,92.22242,102.99981,9.71279,304,-0.6312044,4.934820175,5.712866,11.01496,0.232,2.462795,33.84129734,0.65851,97.70996,18,13.79723233,8.70806381,65.13343,13.82147966,2.6,8.4
Croatia,0.817539869,33.61,12.736,97.66666667,0.414732113,4.801530011,4.058292614,-2.83,108.0833333,94.11452891,3.16,2.7,100,14.80786,85.42414,4.5,1.016744,34.43173696,81.59593959,0.6,0.148889743,0.527955554,20.03665167,85.32247465,20063.1304,19.3048298,19409.48589,0,1.2,3.8,1.10E+04,-5.21969,68.57,26.16666667,77.3,19.8,13,11.02670097,104.43,1.561552346,-0.9,28.42,276.6847988,17.51373102,89.05356,63.30947,96.82135,0.56046,108,-5.698811,4.206639767,7.303316,13.67519,40.189,2.586122,10.56037134,0.75164,98.42801,25.8278146,17.64639787,7.94347244,61.63096,19.57715941,1.4,4.5
Kuwait,0.816271768,29.00333333,14.475,100,-0.437188097,29.13222464,86.57142844,137.76,111.1876076,47.87795577,2.6,3.7,97.7,14.746555,98.1076,0.8,1.048379,0.3664422,100,12.31333333,0.387314383,14.95587843,16.69808634,267.7037781,82357.82418,17.9769014,83960.61817,0,0.4,8.1,300,4.270406667,78.7,39.46666667,74.4,1,14,7.206958294,218.43,25.09062121,18.3,17.93,0,0.571024514,56.03273,80.69779,106.19206,5.92846,137,20.52471,3.760010004,2.887513,8.60512,0.99,0.0023299,0,0.094939999,100.33522,1.5384615,60.2051255,0.588661037,28.45094,0.716319146,0.94,9.5
Montenegro,0.802201007,30.63,15.2,99,1.495079444,4.145547583,4.95E-09,-21.97,109.1027397,61.00359832,5.58,9.1,100,15.17869,103.8646,6.4,10.11055,40.37174721,60.19394832,12.48666667,0.171092217,1.36384672,19.84297328,8.793527066,14151.5411,19.1957084,14558.13363,0,2.7,4.9,1324,-2.283616667,61,37.93333333,76.2,24.7,7,11.15878201,163.03,15.20357125,-0.8,19.79,1999.916361,8.009565697,89.21613,60.9184,100.94732,19.5014,208,-11.0277,5.420013348,6.48702,20.16643333,0.539,9.58766,28.41315707,0.40864,90.90293,17.2839506,8.160506483,38.56999344,55.53195,29.91221769,0.19,5.3
Belarus,0.798366518,26.46,20.599,100,1.495079444,6.682510398,11.88426797,20.47,288.6468125,39.9429449,5.29,6,100,15.66023,125.1991,6.4,3.13222,42.91360702,90.3702399,12.87666667,0.150727081,-2.604228782,14.17670122,161.4384492,17054.55833,36.9408479,16676.09012,0,5.1,3.7,137,-3.97693,59.02,27.43333333,71.3,32.7,1,11.97681,122.5,1.50227654,-0.2,37.56,471.5000616,4.707380287,89.31927,104.40231,97.74864,1.33186,335,-2.684163,5.121059895,6.067956,15.36216,4.424,1.692244,5.880189701,0.7006,105.12093,30.1204819,11.6002282,3.453266576,92.89484,15.14021071,6,4.9
Russia,0.797870201,39.69,25.727,100,0.414732113,12.64732823,0.11203485,-3.1,121.634714,48.2871023,4.3,5.2,100,14.68839,50.85843,6.2,3.369634,49.41176183,91.02143331,12.14333333,0.275847763,0.500000005,19.54526457,3381.460583,23564.20808,21.4729018,22352.04535,10.07673858,9.2,8.6,30800,1.167,70.52,24.33333333,70.1,35.1,24,11.95319462,155.14,11.76611859,1.5,43.09,161.0709347,3.066265131,90.88943,90.88468,100.55615,3.40296,475,1.290996,4.101749897,6.547179,19.59062,74.954,0.3219613,9.198517206,1.11802,95.2996,14.516129,7.734914695,1.900396289,76.14355,15.05567485,13,10.1
Oman,0.793019477,29.00333333,10.615,100,14.47818926,21.44112651,0,5.81,108.4330591,35.74522458,3.28,9.2,97.7,13.63765,98.57472,0.6,2.041126,0.006462036,100,12.31333333,0.275345016,9.998702029,19.18973612,147.5806,44532.45487,22.267826,34857.71384,0,1.1,9.8,1551,-11.84525,70.22,39.46666667,76.8,1.2,11,7.997653484,157.75,25.65479869,59.2,22.23,682.3357298,5.781896228,53.87018,51.96536,112.90026,6.43695,61,-0.5516817,4.200369835,2.598879,19.90897,0.026,0.0489753,0,0.132489994,93.50884,9.5808383,30.6138787,2.625672582,28.13726,2.574359766,0.92,11.4
Romania,0.79279742,27.33,30.955,97.66666667,-1.099266257,4.210560124,4.00945187,-7.53,113.671108,51.97491601,3.7,4.3,100,14.2108,84.52543,2.9,2.166231,28.89227024,77.66806279,3.25,0.333006004,2.330802013,6.20503882,363.3432065,18200.30216,23.484012,18107.95704,26.50377096,1.7,10.5,8019,-1.42904,54.08,28.5,74.7,18.4,33,10.77712727,105.91,1.507516344,-0.4,23.86,561.7382862,13.48939393,88.9144,77.43748,94.18799,5.95006,155,-6.010926,3.07336998,5.33907,17.56015,2.321,1.855112,22.76655523,0.48898,95.0113,11.9507909,0.91636851,18.38842692,51.59729,18.83897033,5.6,12
Uruguay,0.792762977,41.32,58.314,100,0.378659219,2.297642136,99.30434783,31.42,126.8667402,36.29592105,3.14,6.4,99.5,15.50195,51.27809,5.2,5.006598,10.47651697,57.01283323,12.87666667,0.312820492,4.199734675,13.84649868,64.61771282,18965.81654,22.9117829,19283.48112,296.9159753,7.9,9.5,2683,-2.740043333,61.46,27.43333333,77.2,20,14,8.451206207,160.8,1.562903844,-1.8,37.36,3682.114393,5.666597365,52.46094,88.68647,112.03577,5.25636,281,-9.974709,4.422180176,8.752842,13.79403,0.146,0.220342,42.111563,0.43051,90.33587,11.5384615,2.158105723,18.37414814,63.15235,19.2965834,1.5,11.1
Bahamas,0.78995806,30.74666667,28.463,97.66666667,-3.397831439,5.205237886,-1.94E-09,-29.42,105.6243584,104.8693587,1.62,5.4,100,12.56891,97.73016,1.3,4.53981,51.44855145,79.8069922,15.14,0.297899288,3.656194012,16.05748219,8.497705899,22517.99514,26.2730404,21336.42051,0,29.8,10.4,1364,-7.50723,76.92,26.83333333,75.4,3.6,37,10.94454861,71.44,0.045190908,5.2,28.18,6305.479462,4.108517131,80.93570667,85.61863,107.96289,10.5001,444,-4.135451,4.843226751,7.263478,14.1453,0.21,2.389068667,30.14685702,0.66356,92.85869,16.6666667,16.25522691,12.29293935,48.83732,15.53285071,0.37,12.9
Kazakhstan,0.787982452,28.56,29.946,100,0.414732113,15.81009754,-3.629456484,55.58,120.5365732,39.08028579,3.266666667,6.333333333,100,15.02347,64.94554,9.3,4.199878,1.221543134,98.9442786,18.43,0.267227654,1.699999998,10.30288648,382.7771613,22466.73406,21.1844653,20867.35416,55.33767285,7.8,14.6,4926,-5.1398,54.89,31.33333333,69.4,40.6,26,11.42,168.62,17.24528194,0,35.83,633.5159354,23.53101382,99.34056,58.2854,106.25026,0.72375,295,-0.7884321,3.060719967,4.255974,16.48238,2.171,0.0893783,0.968619019,0.15723,97.71127,20.1298701,21.14421591,9.179751775,44.52599,15.7965865,7.8,16.3
Barbados,0.785458413,44.77,48.387,97.33333333,3.70657025,5.556376063,-2.57E-08,-11.61,116.4568031,106.7328427,2.39,5.4,90.9,15.42006,96.8129,0.6,12.20436,19.44186047,66.89770962,87.5,0.357040191,2.675089962,16.14731884,4.332917507,15298.71552,18.4199227,12487.58331,0,7.4,13.3,509,3.85637,76.67,30,75.6,4.1,52,10.45693616,106.78,0.838819657,1.4,18.11,894.0000479,18.2378865,88.67,79.1215,105.28556,6.62534,521,-9.642315,5.610380173,6.780835,13.08663,0.067,1.846512,8.337838201,0.269913333,104.66018,19.6078431,11.34048144,31.64253784,60.84252,25.24936061,0.69,14.4
Antigua and Barbuda,0.783367264,41.94666667,49.263,99.33333333,-0.622743002,5.823804338,-4.854368935,-23.23,108.0834972,90.01668943,2.63,8.566666667,90.9,13.95383,103.5395,4.566666667,11.18527,22.27272727,66.92028465,8.46,0.259417903,3.427199827,18.47613929,1.831490875,20353.29082,23.2167195,20070.32342,0,11.2,7.7,244,-19.02902,64,46.9,76.1,15.03333333,30.66666667,9.2361755,120.02,9.432572246,-0.1,23.77666667,35507.59724,15.15558735,81.77675667,88.63093,97.89286,8.67793,403,-11.62851,2.554709911,4.866675,13.84503,0.049,1.759751,11.01627062,1.539136669,105.39351,25.7142857,31.93087737,11.95484071,23.48624,18.57519236,1.4,9.3
Bulgaria,0.781675314,34.28,35.857,100,-0.230997039,6.71438251,23.666496,-1.92,108.2542145,71.07860573,3.19,5.9,100,14.35479,137.3657,5.3,3.464894,37.19049374,75.03975955,28.73,0.211593764,2.803074934,16.50763779,114.0261092,15695.01779,21.3103857,15596.02718,0,1.9,10.1,6898,-4.58904,55.49,27.43333333,74.2,16.6,5,10.56554948,137.71,0.911303148,-1.4,38.12,808.1446013,7.819417614,94.30368,85.67279,99.52833,3.06135,151,-2.015277,3.820930004,7.626268,17.41818,1.878,3.059771,29.35964705,0.63924,93.11093,20.4166667,1.164359182,14.62378319,62.69648,18.95727582,2,11.6
Palau,0.780181065,38.66666667,69.189,97.33333333,-0.273601958,10.85543046,-11.29991554,44.63,117.1664248,70.86096176,4.906666667,7.966666667,59.3,13.67372,137.2439,3.466666667,2.307287,87.60869565,74.65682439,24.41333333,0.359146799,6.824763186,15.88481534,0.305648279,14611.7353,21.22679797,13495.87476,0,3.1,15.1,105,-3.136906667,54.96666667,21.1,72.686,13.56666667,86.66666667,12.32727758,90.6,7.04774076,0.5,13.81,0,18.52812418,64.61975667,64.83104,102.69424,5.197406667,295,1.139069333,6.315153281,9.887833,21.31281333,0.001,0.678576533,9.430907525,0.433166667,89.16064,10.3448276,26.72339612,36.95234025,46.14973,26.0315966,4.4,17.5
Panama,0.779677597,51.9,78.531,97.66666667,1.894181178,2.5843538,-14.88924051,-5.8,116.415564,67.60092438,2.95,2.1,90.9,13.27974,154.7536,1.3,11.84859,43.41404358,79.70988459,0.74,0.453917873,-1.712434771,9.99546846,72.62086671,18793.39333,26.506302,18191.98793,35.37573251,17.2,15.4,1658,-2.740043333,44.92,27.43333333,77.6,8.1,85,9.347121239,158.05,0.217225805,1.5,15.54,2456.693796,4.128047267,51.98974,69.55665,99.31342,8.39036,411,-11.13672,3.29343009,7.21292,25.48506,0.105,1.059602,20.15453963,0.19519,72.95113,19.2982456,4.099638473,17.81020034,43.45642,15.92204719,4.9,17.9
Malaysia,0.779245824,46.21,5.676,97.33333333,5.871119803,7.847738104,-9.356453348,37.21,107.1166667,142.6120757,2.91,4.3,100,12.73096,154.0829,1.5,3.698655,61.73306955,94.47991174,1.93,0.209,6.308375903,13.55006876,671.2875607,22589.37145,26.85762,22762.13945,103.4765827,2.3,7.2,25700,-0.21195,67.5,37.56666667,74.7,4.7,29,9.964879036,148.83,8.059532404,3.1,11.98,10160.44415,1.242853564,68.22,84.41011,101.40565,0.88035,132,0.6855851,5.940680027,4.027421,12.13758,0.481,0.4457442,5.479303009,1.06529,70.79637,14.2348754,8.308967622,52.04076725,37.20023,16.09883752,5.4,8.5
Mauritius,0.776552444,35.9,30.898,97.33333333,5.448620232,3.127070817,-9.690721636,49.3,114.5552413,122.3758308,4.9,11.7,100,15.57618,120.8154,2.9,2.167676,17.26108374,76.69909118,12.87666667,0.418769432,0.69999981,14.40304947,21.58059136,16647.79867,21.1939011,17469.7784,0,2.8,12.5,993,-11.64556,41.44,27.43333333,74.4,13.2,73,8.542904854,132.25,0.003379431,0,10.57,214.2606872,10.19461864,53.56978,112.87182,107.82467,4.19319,202,-34.06822,3.6738801,4.821519,19.79263,0.085,0.0049052,10.25069779,0.37229,95.85146,11.5942029,3.615950781,17.94742864,41.20891,18.99047508,0.97,14.3
Seychelles,0.772459367,65.77,56.255,97.33333333,8.485699417,6.835706362,0,32.75,114.6243636,35.17807709,6.65,7.2,100,13.37438,164.0275,3.5,12.30531,88.47826087,75.51462601,8.76,0.1845653,6.908474837,25.5840881,2.122207018,23798.76216,33.5986943,23300.30542,0,9.5,12.2,230,-198.31933,54.26,43.76666667,73.1,20.16666667,13.66666667,9.4112,162.19,0.120837949,-3.4,15.13,14227.60416,3.662937027,82.62227,113.45936,107.67232,15.12106,709,-11.83634,3.627640009,4.032539,12.55556,0.026,0.8919771,18.71848958,0.30209,79.50945,43.75,13.01083608,27.87776229,1.33298,31.2092615,1.8,14.2
Trinidad and Tobago,0.771893819,28.53333333,34.805,97,4.496099243,37.18763962,-6.539260485,5.54,120.812086,33.74087439,4.04,16.5,99.8,12.34507333,103.1528,6.2,6.95025,43.85185185,99.93253108,8.76,0.371436093,-0.597660224,9.50726523,39.52285223,29469.35299,9.7485838,26089.9511,0,28.3,19,434,-27.8252,65.1,41.16666667,70.4,20.4,84,10.88346335,147.34,29.31533432,-2.2,11.75,0,8.236260657,59.31815,82.93387,106.09769,10.61263,281,-27.04065817,6.026703358,5.29355,17.57943,0.336,0.5324638,0.067468916,0.04348,85.52195,24.6575342,2.422396881,49.59734804,11.95271,28.2583576,2.1,21.3
Serbia,0.771149777,29.65,16.872,99,2.709606612,6.799114997,21.39213141,-1.82,128.4622384,49.52544413,3.96,8.5,100,14.38712,92.69195,5.8,4.337332,32.10381889,89.08806084,2.54,0.175585707,2.12571896,19.55793478,92.36354531,12892.77704,21.1675582,12190.43399,15.16899702,1.2,5.8,922,-1.23418,53.5,26.2,74.9,19.9,16,10.46026516,122.13,3.911233127,-2.1,21.14,18081.48573,18.5369546,65.6302,58.36443,100.89554,0.78248,142,-9.244542,0.060529999,10.59735,15.15704,48.786,8.837068,11.05965253,0.9868,94.40921,34,5.598619043,7.59578147,56.38088,19.72139285,1.5,6.6
Cuba,0.769011135,47.08333333,43.085,100,1.287815574,3.185683146,44.10637184,308.52,110.494156,81.34224639,3.38,6,100,13.82581,39.09598,4.5,4.879291967,27.61367907,86.7186097,18.26,0.355911775,2.715648976,37.86710322,211.9468631,18796.19252,12.1560213,7301.039053,665.9485732,4.2,5,2829,4.12952,30,46.9,79.4,18.5,80,11.51362,22.48,3.6305722,-2.5,67.23,30624.39062,16.97609076,76.53,98.34956,97.52543,4.20672,510,-8.106579667,12.83726978,8.810774,9.06109,6.509,2.727936,13.28139924,0.41934,92.098,48.8562092,0.143596066,17.41251749,47.77119,20.70166334,0.33,6.2
Lebanon,0.768897837,37.67666667,11.978,100,3.316924672,4.674540418,4.625954161,56.97,111.8819224,187.6073054,3.183333333,5.433333333,100,13.7537,138.6929,0.6,6.829242,13.39784946,95.52014106,24.34,0.384790712,23.17665965,14.72341449,74.26113575,16622.93548,27.875186,16509.27721,0,2.2,7.8,1274,6.88766,74.7,27.43333333,79.3,1.2,16,7.917283708,88.35,0,21.3,32,0.341734893,1.228701222,54.15014,101.63892,113.45181,6.71228,118,-6.546601,2.572679996,7.174523,12.04695,4.238,17.72973,3.342120984,0.42791,75.04578,3.125,17.62186044,19.01218398,47.92795,15.48357987,1.5,9.1
Costa Rica,0.765746905,48.61,60.794,100,2.881564228,1.655602109,3.37753511,239.34,115.3331981,56.46947838,3.24,7.6,99.5,13.86196,73.88747,2.2,6.518283,51.91147669,48.26391813,2.08,0.349238581,3.850980339,17.93139451,65.43681041,13430.74321,20.9719865,13413.37683,0,8.5,8.4,2428,-0.05976,49.41,60,79.4,11.2,38,8.367648125,143.83,0.763435969,2.7,11.13,9470.099486,1.337190054,50.59686,77.24978,103.31134,12.27982,314,-9.706444,6.866449833,9.868729,16.42801,0.463,1.201907,51.80445878,0.47641,108.91868,33.3333333,8.611611345,15.07130361,47.5956,13.64160141,0.8,9.6
Iran,0.765590711,38.28,31.614,99,2.888831653,7.777322503,0,22.85,213.9536482,18.01379986,4.47,13,100,15.09423,53.71718,3.6,0.8267577,6.800528077,99.51631123,12.87666667,0.514622127,-4.330164801,11.17889894,1168.681422,15090.04722,25.7575748,15439.80435,9.104759852,4.1,14.4,4769,-0.98436,39.35,27.43333333,75.4,6.7,23,8.17,87.79,17.6281004,-0.8,8.9,1467.395936,25.10922472,65.07835,37.80181,118.55717,3.82423,284,0.861679333,3.679909945,6.688835,25.65459,76.422,0.2516494,0.686866501,0.7488,86.27669,3.1034483,3.421062472,19.34767938,55.16453,8.448795853,2.9,16.8
Venezuela,0.7622524,44.77,83.222,81,-0.266530597,6.400457516,-12.15968939,0.57,214.6947406,52.46847872,4.52,12.8,100,14.21738,50.40357,1,1.606266,51.81089507,88.85243796,1.71,0.475898794,3.342717649,12.19195867,535.5755048,17614.59821,20.310255,16158.95596,12.81110733,53.7,12.9,986,-0.50395,57,27.43333333,74.2,4.3,110,8.896468623,98.95,10.01873523,0.3,19.39,545.1421274,1.871314101,53.67144,75.50814,102.40588,4.87667,161,-1.247882,6.874670029,3.445115,17.56734667,8.419,0.0309479,11.1780688,0.42791,92.95358,16.969697,3.852402649,21.46414258,77.90962,15.51372892,2.4,14.9
Turkey,0.761120293,40.04,30.923,94,4.201025103,4.391547759,19.54132233,7.57,124.6263079,84.29383896,3.79,12.9,100,14.54396,57.85201,4.2,1.559719,15.03527669,89.50950558,12.14333333,0.358838355,6.189500501,15.05241995,1398.252884,18660.13082,20.3214746,18677.13032,45.45508614,2.6,16.5,37800,0.18938,51.04,19.7,75.3,11.8,20,7.560710907,94.79,0.327907592,0.9,17.11,216.5608483,5.494165807,49.38733,30.62929,100.03322,9.97535,179,-4.074148,2.862469912,5.59013,20.13204,65.9,0.1380552,10.27687166,0.85952,86.10934,14.4160584,2.488753866,17.58913991,69.38549,20.37734274,0.52,19.2
Sri Lanka,0.756658911,36.4,16.898,97,3.051562374,0.72992084,-22.09361703,30.34,122.69845,48.43082424,6.88,8.3,88.7,13.71335,54.4737,12.8,1.362821,29.19470579,48.65767072,24.53,0.369751852,5.51603088,13.11169063,193.0673788,9425.737383,29.2447085,9778.605247,5767.024715,3.4,8.2,1275,-5.10911,25.8,38.4,74.9,46.4,29,10.8,103.16,0.402924189,-3,6.8,46647.70741,21.06065205,74.02556,88.69307,98.44019,3.42509,132,-4.40052,1.72397995,3.244492,24.4299,123.027,9.559383,51.34233888,0.15664,99.33851,5.7777778,1.5276337,16.18009045,16.96746,11.99320157,1.1,9.6
Mexico,0.756207912,48.07,63.39,93,1.942618956,3.908712496,-8.250558388,15.51,111.7569034,49.51982351,3.74,4.7,99.1,13.06026,64.15951,1.7,3.338323,33.17554464,90.10370985,17.21,0.37281121,1.137379288,11.8729031,1992.894187,16290.8126,21.0499383,16055.96891,319.1137558,21.5,12.5,24200,-0.57867,44.39,46.7,76.8,7.1,49,8.468326569,82.54,6.391839981,-2,20.95,9881.927415,3.835616876,57.98388,101.39244,105.02204,4.24733,210,-5.983051,5.14620018,6.237916,28.01636,9.401,1.825855,9.855558511,0.42869,85.68148,37.1019108,0.902017788,21.91630459,28.99449,16.46192958,1.8,14.5
Brazil,0.755291956,52.67,70.794,93,2.702940361,2.231257237,-10.38652562,58.73,119.3673758,110.1084144,2.61,4.4,99.5,15.19340264,27.5911,2.5,3.599945,61.63251633,54.56668309,0.86,0.456865874,1.974289847,21.97252114,2916.284287,14555.0822,18.1830472,15174.96721,52.77375334,25.2,12.3,5813,-0.20734,57.6,38.8,74.5,9.4,69,7.66,138.95,3.84130758,-0.2,18.91,4505.646762,7.858502737,53.59817,69.02112,136.27055,19.37534,274,-4.149318,5.822249889,9.66039,20.51712,1.002,0.1129779,44.2481259,1.20964,105.48278,9.5959596,0.299297384,26.51247273,25.52885,15.42163032,2.5,13.7
Georgia,0.754118641,41.35,46.799,100,3.563738895,1.769150524,-1.504857851,93.81,106.9685008,42.90612736,6.453333333,7.5,100,13.79685,102.3306,1,5.925159,39.38955245,72.80037418,2.88,0.381596771,8.288507774,16.6820472,31.09760348,6946.235896,21.9489833,7164.025639,136.5315422,4.3,11.7,5392,-5.75187,48.9,9.1,74.9,5.7,41,12.11,124.94,0.66357442,-5.8,42.36,3300.923097,1.913552467,54.75734333,57.86627,103.09711,0.17955,225,-4.910562,1.983309984,9.432717,9.09457,6.835,12.05254,28.29928347,0.17658,100.62453,11.3333333,4.374512629,35.24127965,33.05094,24.11828496,4.5,13.1
Saint Kitts and Nevis,0.751862282,30.99666667,47.91466667,97.66666667,7.281411532,5.053538729,-4.73E-09,-4.21,109.3671115,65.90815024,2.86,6.333333333,90.9,12.87516,87.68176,2.833333333,14.46589,42.30769231,83.19251088,51.25,0.25356237,0.525454464,19.22478643,1.122260759,20709.35689,28.7327596,20804.81384,0,33.6,7.8,107,-57.85797,65.4,27.03333333,73.77,27.8,9.333333333,8.387379,139.81,1.34894344,-1,11.67,0,4.067282679,80.23707333,81.64657,84.65616,7.1777,714,-14.02427,4.225759983,6.27812,14.51688,0.015,6.733531,27.27768335,0.487103333,101.2038,6.6666667,10.46852798,9.79660609,18.22618,20.19043068,2.5,10.2
Azerbaijan,0.751139174,33.03,40,94,1.495079444,3.647379147,0.667811936,28.48,111.584763,25.49323521,3.183333333,5.433333333,100,11.94018,75.59377,1,3.56093,11.32376781,97.86252765,34.52,0.303000337,2.199999701,11.21798982,156.2547565,16593.54647,24.5706849,16427.91563,76.87212469,2.1,29.9,2130,-6.58375,61,15,70.8,2.4,26,11.16,110.91,25.96976802,0,34.32,1078.566022,3.836667227,95.46668,24.84914,97.9432,1.81357,413,-2.528612,2.435640097,5.579734,11.92302,10.914,2.356113,2.600981728,0.21084,100.27854,15.5737705,3.440226825,13.59231031,20.4372,12.95582924,4.2,34.2
Grenada,0.74999318,38.66666667,35.358,97.33333333,5.440902645,2.408045758,-1.00E-08,15.33,105.4707113,80.03003262,3.35,7.966666667,90.9,15.80328,75.75223,3.466666667,8.938494,49.97058824,74.65682439,7.05,0.359146799,6.824763186,16.8113622,1.193647527,11271.77849,20.0787156,10939.006,0,13.3,10.7,116,54.10375,37.38,21.1,73.4,3.566666667,23,8.552604,126.53,8.257394436,-8.1,6.63,1578.254145,25.04112007,54.20097667,98.56115,103.37444,5.827973333,424,-10.6466,4.270226558,6.338721,16.05523,0.33,3.547934,11.60086133,0.25696,107.79903,25,10.73401513,16.89794091,52.77318,18.66941695,0.99,11.8
Jordan,0.748328542,33.69,26.473,99,4.109045125,3.601147064,-0.608245108,51.91,115.370623,111.860452,4.5,6.1,99.5,13.50864,113.7838,1.9,5.340056,1.09822032,95.9918514,92.44,0.473382155,-11.39571513,19.65322914,73.67461303,11406.50457,27.22237,11365.21619,0,2,16,3945,3.67022,44,23,74,2.2,50,9.908419609,147.8,0.920974547,11.3,25.58,0,22.01130952,74.11,34.17855,98.43925,2.10094,95,-10.03431,4.773786545,7.22403,19.93241,1.633,10.81603,1.997031829,0.4347,87.82947,11.5555556,40.22354756,13.61810735,46.60965,15.25758585,0.53,18.7
Macedonia,0.74725286,44.2,18.256,100,2.709606612,4.437580862,11.35818828,17.93,110.3393379,52.37837395,5.08,7.9,100,13.35395,126.6503,3.2,4.055383,39.93655829,82.14660415,16.06,0.163635459,-3.554404109,17.52832929,24.46193184,11608.96897,24.8154499,11780.04468,0,1.4,5.8,400,-5.2339,68.06,38.4,75.4,7.3,7,9.2592,109.1,2.651339665,-0.5,26.24,48255.95579,7.106265579,45.11852333,28.57617,89.25404,2.50694,122,-1.614253,3.178513368,6.444246,15.15012,1.759,3.688485,10.43938319,0.21793,82.83081,33.3333333,6.632203186,10.67469354,38.45752,16.70596473,0.82,6.6
Ukraine,0.747005221,24.82,25.671,100,2.015616367,6.262351962,5.213556868,21.33,108.2599837,95.67176252,5.23,3.9,100,15.14135,102.2427,5.3,2.541275,16.84215977,79.63188173,13.78,0.28644056,2.2,19.3599559,387.0261895,8508.014787,18.1682843,8178.067935,7.076657329,4.3,8.6,24700,0.45412,43.4,18.3,71,30.3,23,11.34,144.08,4.598568346,-0.2,35.31,943.7770379,6.225041002,93.55,83.00561,105.46582,0.64571,305,-7.251269,6.661180019,7.771187,16.48785,6.343,5.448327,20.71150765,0.73662,98.86345,11.8483412,11.38707797,11.80775024,78.99662,18.23127637,13,10
Algeria,0.735623767,38.81666667,10.033,99,3.762173496,3.22420156,-11.55368916,3.73,117.5218381,3.012285739,5.11,5.5,100,13.96534,63.42136,1.5,0.8037201,0.619043221,99.88756809,24.41333333,0.413117859,80.44933374,18.90485754,505.5089905,12892.94249,33.7992801,13054.30628,11.95267392,0.7,21.6,2634,-1.06117,18.09,29.16666667,74.8,2.3,89,7.611,93.31,18.00590415,-0.3,12.07,343.3785896,28.83718384,28.86,78.84144,117.40774,7.23248,162,-1.027556,4.33701992,6.635026,23.15942,3.691,0.0997417,0.141610925,0.06604,97.60729,25.7425743,0.689669613,60.20229892,31.46411,37.36184931,15,25.2
Peru,0.734203129,45.33,50.748,96,0.922824211,1.791964427,-3.512172872,20.56,110.1653876,22.00566255,3.87,3.4,91.2,13.0655,48.36413,2.1,4.595051,52.884375,75.98294021,0.72,0.405915232,6.650711677,11.19202014,346.1753476,11396.49302,26.6083672,11015.23763,196.346675,9.6,12.9,3164,-0.527133333,40.2,38.9,74.6,4.4,89,9.013469696,102.92,5.732600927,-2,11.32,13407.90806,0.738200294,61.10963,85.99934,101.64671,26.11487,202,-7.079139,3.277960062,5.317889,18.08394,4.768,1.337904,24.01455763,0.545293333,93.9782,22.3076923,0.345405489,33.95868642,40.64798,16.54473209,5.1,16.7
Albania,0.732765803,28.96,15.297,99,-0.280486216,1.60703771,-1.898605839,34.9,107.5972351,66.89409825,6.43,10.3,100,11.82,87.93716,5.2,9.701772,28.24890511,60.52689585,4.34,0.217395947,0.061767661,10.68921529,28.86049099,10405.35149,26.1504619,9942.855635,7.103503508,5,13.3,2857,-12.14132,60.1,43.76666667,77.8,6.6,21,9.255580902,105.47,3.533720948,-3.2,11.45,20567.79977,5.739703969,84.76527,70.59945,99.51508,1.33296,158,-8.312282,3.268680096,5.882328,19.12103,10.52,8.464771,26.56383378,0.15308,82.39508,20.7142857,3.050417062,18.68343126,55.50096,19.63069867,0.31,14.9
Armenia,0.732982583,30.3,27.118,100,3.563738895,1.67383608,-26.89075611,57.01,116.7987006,46.00499254,8.87,11.9,100,12.31785,75.03648,0.9,3.548608,8.907622058,71.54126243,37.86,0.317574186,16.30000001,14.46393506,22.40412537,7526.836419,20.9266618,8123.557691,0,1.8,14,1084,-2.61963,46.3,9.5,74.7,5,29,10.87,115.92,2.158069193,-3.4,26.87,2549.428299,9.577000408,94.47,46.21356,102.40343,4.38289,164,-9.975223,2.250149965,4.519753,19.3076,12.224,21.01379,32.66394123,0.27014,96.59027,10.6870229,10.64988984,21.31431815,46.10862,18.65348248,6.3,15.6
Bosnia and Herzegovina,0.732530326,33.04,15.108,100,2.709606612,6.185334807,-1.131221712,7.99,105.7083333,67.680783,4.82,6.3,100,13.6,85.02369,4.1,1.764679,42.84313726,93.91646937,0.88,0.200654239,-0.466983341,22.76307955,35.94704519,9387.350031,17.8837766,9637.776782,0,1.3,5.7,529,-3.16499,60.8,46.9,76.5,18,8,8.3262129,91.28,11.92596749,-0.3,16.94,27578.42544,6.088298586,56.83266,75.82901,97.30084333,17.22785,78,-1.143518,4.800336758,9.625997,17.09921,22.342,10.80434,7.888293396,0.02171,85.88466,19.2982456,0.605775405,6.710965858,41.95797333,20.86616416,5.2,6.6
Ecuador,0.731674443,46.57,77.032,90,3.922678498,2.34333293,-23.60336345,15.78,112.8105507,29.6494927,3.39,5.7,97.2,14.17201,60.81707,5.3,0.7674718,38.12932839,86.28549413,2.17,0.407268764,7.727259997,14.09402289,165.8875797,10540.65737,27.8523688,10604.89264,98.26738181,12.4,19.1,1364,-1.3167,43,46.3,75.9,13.2,87,7.585,103.9,8.641467102,-0.4,16.87,6001.917914,1.640018639,39.77,166.67002,112.40354,11.0995,149,0.1956072,4.358260155,6.395048,18.70906,0.7,2.60266,12.86325172,0.22779,103.28416,41.6058394,2.283122286,19.56784992,40.51432,17.55778296,2.7,22.5
Saint Lucia,0.729056449,51.73,56.309,92,4.202712436,2.270512241,7.305936071,-5.27,108.6387228,123.0823643,3.44,12.3,90.9,12.567,97.20478,3.066666667,6.25223,77.04918033,61.19161188,14.3,0.38605805,6.917001473,14.81770831,1.850350309,10151.53264,23.344663,9764.840456,0,21.6,12.7,319,-31.52455,51,31.23333333,75.1,7.633333333,34,9.344302952,102.59,0.05106806,0,4.73,115689.6014,13.26317819,40.40914,59.95391,100.29595,10.42671,317,-13.2941,4.700260162,8.5,16.66479,0.711,2.256905,26.75522448,0.1682,88.38511,20.6896552,6.682284266,27.12657469,13.85194,23.04105473,1.2,14.5
China,0.727494941,37.01207517,8.551,96.33333333,6.534991351,6.710301991,35.1580446,66.87,111.0535416,162.9629644,3.25,8.1,100,13.07282,50.2602,8.7,3.764487,22.62276381,88.30257161,19.51,0.190685514,8.178779165,14.05973594,15643.21744,11524.56751,47.3020355,12547.03385,212.2504415,1,10.9,55700,-1.80617,49.3,31.23333333,75.8,7.1,32,7.54,92.27,4.193831585,-0.2,14.56,73314.19043,8.572817355,65.33,69.91338,127.85205,24.34323667,121,-2.657049,6.303089937,5.567502,18.20779,205.007,0.4201049,11.737611,1.98305,88.978,23.6228456,0.060225227,24.90310597,26.7,10.63619518,3.2,12.7
Fiji,0.727135774,42.83,42.847,97.66666667,1.145220192,1.423838114,7.125616533,31.57,115.6508393,121.7583008,5.13,8.3,59.3,15.7,136.3714,4.1,4.104073,55.87301587,71.43402406,18.35333333,0.4181164,6.768473751,15.04924022,6.609582607,7501.81043,21.1145453,7492.511041,0,4,20,658,20.10483,41.8,20.13333333,70,10.6,59,9.91218949,98.78,1.722241759,-6.6,4.26,9681.092595,12.54184593,64.32,17.83674,104.6438,3.49117,174,-14.06903,4.19645977,4.131533,27.99728,1.115,5.280879,45.96556421,0.218356667,88.25067,14,2.590955264,32.48737553,16.14878,23.18702332,1.7,23.6
Mongolia,0.726620589,36.52,18.706,99,3.726992257,6.927361359,-14.37460115,24.83,136.7223215,63.63129305,4.78,16.7,89.8,14.59402,112.1687,3.7,18.6768,6.909292206,95.3736789,1.58,0.325352696,-25.04085129,11.27385132,25.92728255,9132.305704,44.1633181,10729.38361,0,9.7,26.4,418,-3.9012,27,46.9,69.4,16.3,68,9.28,105.06,19.75079587,-1.1,27.63,29190.3142,31.46142946,84.8,85.77061,108.83741,9.10258,287,-16.96144,5.476170063,6.009265,27.58707,2.068,2.22059,4.068468111,0.27392,91.57522,14.8648649,0.60671212,11.558678,62.26881,18.23573188,7.2,31.8
Thailand,0.725836139,39.37,41.004,99,8.019704151,4.556738121,-2.800143241,45.15,109.2750063,173.3002095,4.52,2.8,100,13.47211,143.8481,4.5,3.26654,37.19313355,80.43860057,13.07,0.37961973,4.890969123,13.81211913,933.5776805,13931.81147,26.7328563,13322.89654,24.47964662,5,11.3,26500,-0.24691,34.89,43.8,74.4,19.1,26,7.322291851,144.44,4.725901082,0.3,3.93,70700.71654,16.95396776,38.12426,118.51953,92.84907,17.41154667,398,0.3660696,7.568950176,4.57427,16.28069,0.241,1.469269,18.9091144,0.25056,86.98294,6.0913706,5.553957796,36.23018006,51.23354,16.50216084,14,13.1
Dominica,0.723788309,40.34666667,69.189,97.33333333,5.214938385,1.74616602,-11.8,-8.14,103.7286326,61.86780395,4.113333333,5.433333333,92.7,12.65283,81.00359,3.466666667,3.467566,58.8,63.67490929,10,0.341457284,2.618800527,19.06810036,0.720848345,10011.36543,12.0430108,9993.854762,134.7364639,21.1,10.2,78,-4.5629,62.86,41.23333333,77.763,14.6,63.33333333,7.85923,127.45,0.101429738,-1.633333333,15.9,10905.23255,3.208362467,48.90412667,99.15074,118.27358,13.56978,391,-0.3196384,5.071229935,5.950643,14.84121,0.043,4.558284,42.84408733,0.226733333,96.7296,21.875,8.914906323,16.17312073,23.44706,21.77697842,2,11.4
Libya,0.724464011,37.67666667,2.523,97.33333333,-2.831748776,6.39342247,0,0.79,125.7112887,-51.09426611,3.27,4.733333333,100,14.03684,94.84997,1.4,0.9460977,0.123327688,98.73854426,12.87666667,0.134026357,2.168363854,9.3,126.3325326,20371.21741,27.9,14910.916,0,1.7,12.4,34,-2.740043333,17.76,27.43333333,71.6,2.2,15,7.31,161.12,23.46933512,-7.7,19,33.52464507,8.458206104,48.46,10.09786,114.40303,3.391103333,81,3.476302,5.681360007,4.298793,17.56734667,3.353,0.0283264,1.289179297,0.42791,104.30109,15.9574468,12.19013852,14.64319771,60.87731,15.37917316,6.8,14.5
Tunisia,0.721191132,35.79,4.602,99,3.916208279,2.402455639,61.55520996,37.85,115.9833549,83.44397876,3.86,4.7,100,14.62357,103.1496,1.4,2.252695,6.686405767,85.25248663,69.71,0.240428433,2.764591334,18.9775771,117.2219311,10767.64168,20.2356239,10404.49747,0,2.2,13.1,6269,-3.15745,46.16,27.09,74.8,3.4,46,6.837558,128.49,4.608209968,-0.6,12.22,61.53472424,36.70917595,39.27293,40.02425,110.28628,5.86855,199,-2.422967,6.223509789,7.079837,17.43043,1.368,4.874094,14.7746606,1.10218,90.60091,31.3364055,0.33215978,26.69232361,35.19931,21.03704878,2.9,15.2
Colombia,0.7201704,53.53,68.537,97,0.468712931,1.538341298,-3.55411955,22.85,108.8551742,70.14659968,2.74,4.5,97,13.54554,38.03376,1.9,4.280588,54.34610185,75.59274364,0.5,0.428534838,5.800036348,16.7009108,581.0835168,12025.38537,24.5033422,12040.24866,27.31916143,30.8,14.5,2288,-0.527133333,52.57,37.4,74,9.1,83,7.349983663,113.08,9.24499171,-0.5,14.71,18001.02782,2.008246565,56.29694,48.64557,114.91374,15.28811,245,-4.102348,4.929749966,6.811924,24.77293,108.479,1.088617,24.824841,0.17267,92.95644,20.8955224,0.268270345,19.73047854,48.32628,13.24817963,1.6,16.9
Saint Vincent and the Grenadines,0.720035388,42.74333333,54.508,99.33333333,6.338599005,2.179604415,6.166007908,-5.14,106.7196293,58.42905189,3.4,4.8,75.9,13.42416667,87.23986,4.566666667,17.86615,68.87179487,63.67490929,7.9,0.44101636,15.35130703,18.49840683,1.110582627,10154.08398,24.9337964,9937.269491,549.5013733,25.6,17.2,72,-3.541593333,56.48,43.76666667,72.9,13.86666667,45,8.621687,105.16,0.070130996,-9.1,5.25,22279.53318,7.522704362,58.35386333,78.22888,105.24321,31.42725,376,-19.94154,5.083330154,5.2,15.29101,1.535,4.452998,21.04535164,0.438823333,102.9007,13.0434783,9.380742962,24.51923077,43.54119,23.00309399,2.6,19
Jamaica,0.718529602,45.51,70.057,98,0.233537961,2.872655693,-2.420197338,-4.96,125.6885016,51.44572078,4.96,7,92.6,12.35561,83.40987,0.7,4.635752,31.04893814,82.09958938,7.5,0.429960658,0.275747186,16.31390074,23.367069,8606.65525,19.6559618,7414.602613,43.38478764,39.3,14.3,2008,-4.5629,40.5,35,75.7,1.8,80,9.67,102.92,0.812211692,-5.8,4.11,13247.88088,3.322202329,72.19,91.55293,92.28969,13.92094,152,-5.482361,6.256199837,5.816326,21.27636,1.506,15.04614,17.90044324,0.396863333,77.79787,16.6666667,1.253893835,32.98157006,28.73793,27.06831253,0.22,16.6
